natural_language_query,sql_query,combined,hierarchical_cluster
list the earliest flights from atlanta to denver on a monday,"SELECT DISTINCT flight_1.flight_id FROM flight flight_1 , airport_service airport_service_1 , city city_1 , airport_service airport_service_2 , city city_2 , days days_1 WHERE flight_1.departure_time = ( SELECT MIN ( flight_1.departure_time ) FROM flight flight_1 , airport_service airport_service_1 , city city_1 , airport_service airport_service_2 , city city_2 , days days_1 WHERE flight_1.from_airport = airport_service_1.airport_code AND airport_service_1.city_code = city_1.city_code AND city_1.city_name = 'ATLANTA' AND ( flight_1.to_airport = airport_service_2.airport_code AND airport_service_2.city_code = city_2.city_code AND city_2.city_name = 'DENVER' AND flight_1.flight_days = days_1.days_code AND days_1.day_name = 'MONDAY' ) ) AND ( flight_1.from_airport = airport_service_1.airport_code AND airport_service_1.city_code = city_1.city_code AND city_1.city_name = 'ATLANTA' AND ( flight_1.to_airport = airport_service_2.airport_code AND airport_service_2.city_code = city_2.city_code AND city_2.city_name = 'DENVER' AND flight_1.flight_days = days_1.days_code AND days_1.day_name = 'MONDAY' ) )","list the earliest flights from atlanta to denver on a monday SELECT DISTINCT flight_1.flight_id FROM flight flight_1 , airport_service airport_service_1 , city city_1 , airport_service airport_service_2 , city city_2 , days days_1 WHERE flight_1.departure_time = ( SELECT MIN ( flight_1.departure_time ) FROM flight flight_1 , airport_service airport_service_1 , city city_1 , airport_service airport_service_2 , city city_2 , days days_1 WHERE flight_1.from_airport = airport_service_1.airport_code AND airport_service_1.city_code = city_1.city_code AND city_1.city_name = 'ATLANTA' AND ( flight_1.to_airport = airport_service_2.airport_code AND airport_service_2.city_code = city_2.city_code AND city_2.city_name = 'DENVER' AND flight_1.flight_days = days_1.days_code AND days_1.day_name = 'MONDAY' ) ) AND ( flight_1.from_airport = airport_service_1.airport_code AND airport_service_1.city_code = city_1.city_code AND city_1.city_name = 'ATLANTA' AND ( flight_1.to_airport = airport_service_2.airport_code AND airport_service_2.city_code = city_2.city_code AND city_2.city_name = 'DENVER' AND flight_1.flight_days = days_1.days_code AND days_1.day_name = 'MONDAY' ) )",0
what's the ground transportation like at pittsburgh,"SELECT DISTINCT ground_service_1.transport_type FROM ground_service ground_service_1 , city city_1 WHERE ground_service_1.city_code = city_1.city_code AND city_1.city_name = 'PITTSBURGH'","what's the ground transportation like at pittsburgh SELECT DISTINCT ground_service_1.transport_type FROM ground_service ground_service_1 , city city_1 WHERE ground_service_1.city_code = city_1.city_code AND city_1.city_name = 'PITTSBURGH'",1
please show me flights from dallas fort worth to atlanta on monday,"SELECT DISTINCT flight_1.flight_id FROM flight flight_1 , airport_service airport_service_1 , city city_1 , airport_service airport_service_2 , city city_2 , airport_service airport_service_3 , city city_3 , days days_1 , date_day date_day_1 WHERE ( flight_1.from_airport = airport_service_1.airport_code AND airport_service_1.city_code = city_1.city_code AND city_1.city_name = 'DALLAS FORT WORTH' ) AND ( flight_1.to_airport = airport_service_3.airport_code AND airport_service_3.city_code = city_3.city_code AND city_3.city_name = 'ATLANTA' AND flight_1.flight_days = days_1.days_code AND days_1.day_name = date_day_1.day_name AND date_day_1.year = 1991 AND date_day_1.month_number = 2 AND date_day_1.day_number = 21 )","please show me flights from dallas fort worth to atlanta on monday SELECT DISTINCT flight_1.flight_id FROM flight flight_1 , airport_service airport_service_1 , city city_1 , airport_service airport_service_2 , city city_2 , airport_service airport_service_3 , city city_3 , days days_1 , date_day date_day_1 WHERE ( flight_1.from_airport = airport_service_1.airport_code AND airport_service_1.city_code = city_1.city_code AND city_1.city_name = 'DALLAS FORT WORTH' ) AND ( flight_1.to_airport = airport_service_3.airport_code AND airport_service_3.city_code = city_3.city_code AND city_3.city_name = 'ATLANTA' AND flight_1.flight_days = days_1.days_code AND days_1.day_name = date_day_1.day_name AND date_day_1.year = 1991 AND date_day_1.month_number = 2 AND date_day_1.day_number = 21 )",2
show me all all flights from pittsburgh to atlanta on wednesday which leave before noon and serve breakfast,"SELECT DISTINCT flight_1.flight_id FROM flight flight_1 , airport_service airport_service_1 , city city_1 , airport_service airport_service_2 , city city_2 , days days_1 , date_day date_day_1 , food_service food_service_1 WHERE flight_1.from_airport = airport_service_1.airport_code AND airport_service_1.city_code = city_1.city_code AND city_1.city_name = 'PITTSBURGH' AND ( flight_1.to_airport = airport_service_2.airport_code AND airport_service_2.city_code = city_2.city_code AND city_2.city_name = 'ATLANTA' AND ( flight_1.flight_days = days_1.days_code AND days_1.day_name = date_day_1.day_name AND date_day_1.year = 1991 AND date_day_1.month_number = 4 AND date_day_1.day_number = 23 AND ( flight_1.departure_time < 1200 AND flight_1.meal_code = food_service_1.meal_code AND food_service_1.meal_description = 'BREAKFAST' ) ) )","show me all all flights from pittsburgh to atlanta on wednesday which leave before noon and serve breakfast SELECT DISTINCT flight_1.flight_id FROM flight flight_1 , airport_service airport_service_1 , city city_1 , airport_service airport_service_2 , city city_2 , days days_1 , date_day date_day_1 , food_service food_service_1 WHERE flight_1.from_airport = airport_service_1.airport_code AND airport_service_1.city_code = city_1.city_code AND city_1.city_name = 'PITTSBURGH' AND ( flight_1.to_airport = airport_service_2.airport_code AND airport_service_2.city_code = city_2.city_code AND city_2.city_name = 'ATLANTA' AND ( flight_1.flight_days = days_1.days_code AND days_1.day_name = date_day_1.day_name AND date_day_1.year = 1991 AND date_day_1.month_number = 4 AND date_day_1.day_number = 23 AND ( flight_1.departure_time < 1200 AND flight_1.meal_code = food_service_1.meal_code AND food_service_1.meal_description = 'BREAKFAST' ) ) )",3
what is mco,SELECT DISTINCT airport_1.airport_code FROM airport airport_1 WHERE airport_1.airport_code = 'MCO',what is mco SELECT DISTINCT airport_1.airport_code FROM airport airport_1 WHERE airport_1.airport_code = 'MCO',4
can you list all flights from chicago to st. louis that depart after 12 noon,"SELECT DISTINCT flight_1.flight_id FROM flight flight_1 , airport_service airport_service_1 , city city_1 , airport_service airport_service_2 , city city_2 WHERE flight_1.from_airport = airport_service_1.airport_code AND airport_service_1.city_code = city_1.city_code AND city_1.city_name = 'CHICAGO' AND ( flight_1.to_airport = airport_service_2.airport_code AND airport_service_2.city_code = city_2.city_code AND city_2.city_name = 'ST. LOUIS' AND flight_1.departure_time > 1200 )","can you list all flights from chicago to st. louis that depart after 12 noon SELECT DISTINCT flight_1.flight_id FROM flight flight_1 , airport_service airport_service_1 , city city_1 , airport_service airport_service_2 , city city_2 WHERE flight_1.from_airport = airport_service_1.airport_code AND airport_service_1.city_code = city_1.city_code AND city_1.city_name = 'CHICAGO' AND ( flight_1.to_airport = airport_service_2.airport_code AND airport_service_2.city_code = city_2.city_code AND city_2.city_name = 'ST. LOUIS' AND flight_1.departure_time > 1200 )",5
please give me round trip fares from pittsburgh to philadelphia,"SELECT DISTINCT fare_1.fare_id FROM fare fare_1 , flight_fare flight_fare_1 , flight flight_1 , airport_service airport_service_1 , city city_1 , airport_service airport_service_2 , city city_2 WHERE fare_1.round_trip_cost IS NOT NULL AND fare_1.fare_id = flight_fare_1.fare_id AND flight_fare_1.flight_id = flight_1.flight_id AND flight_1.from_airport = airport_service_1.airport_code AND airport_service_1.city_code = city_1.city_code AND city_1.city_name = 'PITTSBURGH' AND flight_1.to_airport = airport_service_2.airport_code AND airport_service_2.city_code = city_2.city_code AND city_2.city_name = 'PHILADELPHIA'","please give me round trip fares from pittsburgh to philadelphia SELECT DISTINCT fare_1.fare_id FROM fare fare_1 , flight_fare flight_fare_1 , flight flight_1 , airport_service airport_service_1 , city city_1 , airport_service airport_service_2 , city city_2 WHERE fare_1.round_trip_cost IS NOT NULL AND fare_1.fare_id = flight_fare_1.fare_id AND flight_fare_1.flight_id = flight_1.flight_id AND flight_1.from_airport = airport_service_1.airport_code AND airport_service_1.city_code = city_1.city_code AND city_1.city_name = 'PITTSBURGH' AND flight_1.to_airport = airport_service_2.airport_code AND airport_service_2.city_code = city_2.city_code AND city_2.city_name = 'PHILADELPHIA'",6
what flights are there from new york city to las vegas,"SELECT DISTINCT flight_1.flight_id FROM flight flight_1 , airport_service airport_service_1 , city city_1 , airport_service airport_service_2 , city city_2 WHERE flight_1.from_airport = airport_service_1.airport_code AND airport_service_1.city_code = city_1.city_code AND city_1.city_name = 'NEW YORK' AND flight_1.to_airport = airport_service_2.airport_code AND airport_service_2.city_code = city_2.city_code AND city_2.city_name = 'LAS VEGAS'","what flights are there from new york city to las vegas SELECT DISTINCT flight_1.flight_id FROM flight flight_1 , airport_service airport_service_1 , city city_1 , airport_service airport_service_2 , city city_2 WHERE flight_1.from_airport = airport_service_1.airport_code AND airport_service_1.city_code = city_1.city_code AND city_1.city_name = 'NEW YORK' AND flight_1.to_airport = airport_service_2.airport_code AND airport_service_2.city_code = city_2.city_code AND city_2.city_name = 'LAS VEGAS'",7
what airlines fly between atlanta and san francisco,"SELECT DISTINCT airline_1.airline_code FROM airline airline_1 , flight flight_1 , airport_service airport_service_1 , city city_1 , airport_service airport_service_2 , city city_2 WHERE airline_1.airline_code = flight_1.airline_code AND flight_1.from_airport = airport_service_1.airport_code AND airport_service_1.city_code = city_1.city_code AND city_1.city_name = 'ATLANTA' AND flight_1.to_airport = airport_service_2.airport_code AND airport_service_2.city_code = city_2.city_code AND city_2.city_name = 'SAN FRANCISCO'","what airlines fly between atlanta and san francisco SELECT DISTINCT airline_1.airline_code FROM airline airline_1 , flight flight_1 , airport_service airport_service_1 , city city_1 , airport_service airport_service_2 , city city_2 WHERE airline_1.airline_code = flight_1.airline_code AND flight_1.from_airport = airport_service_1.airport_code AND airport_service_1.city_code = city_1.city_code AND city_1.city_name = 'ATLANTA' AND flight_1.to_airport = airport_service_2.airport_code AND airport_service_2.city_code = city_2.city_code AND city_2.city_name = 'SAN FRANCISCO'",8
what type of aircraft is used on the flight from atlanta to philadelphia before 12 o'clock noon,"SELECT DISTINCT aircraft_1.aircraft_code FROM aircraft aircraft_1 , equipment_sequence equipment_sequence_1 , flight flight_1 , airport_service airport_service_1 , city city_1 , airport_service airport_service_2 , city city_2 WHERE aircraft_1.aircraft_code = equipment_sequence_1.aircraft_code AND equipment_sequence_1.aircraft_code_sequence = flight_1.aircraft_code_sequence AND flight_1.from_airport = airport_service_1.airport_code AND airport_service_1.city_code = city_1.city_code AND city_1.city_name = 'ATLANTA' AND ( flight_1.to_airport = airport_service_2.airport_code AND airport_service_2.city_code = city_2.city_code AND city_2.city_name = 'PHILADELPHIA' AND flight_1.departure_time < 1200 )","what type of aircraft is used on the flight from atlanta to philadelphia before 12 o'clock noon SELECT DISTINCT aircraft_1.aircraft_code FROM aircraft aircraft_1 , equipment_sequence equipment_sequence_1 , flight flight_1 , airport_service airport_service_1 , city city_1 , airport_service airport_service_2 , city city_2 WHERE aircraft_1.aircraft_code = equipment_sequence_1.aircraft_code AND equipment_sequence_1.aircraft_code_sequence = flight_1.aircraft_code_sequence AND flight_1.from_airport = airport_service_1.airport_code AND airport_service_1.city_code = city_1.city_code AND city_1.city_name = 'ATLANTA' AND ( flight_1.to_airport = airport_service_2.airport_code AND airport_service_2.city_code = city_2.city_code AND city_2.city_name = 'PHILADELPHIA' AND flight_1.departure_time < 1200 )",9
show flights first class on american from philadelphia to dallas fort worth,"SELECT DISTINCT flight_1.flight_id FROM flight flight_1 , airport_service airport_service_1 , city city_1 , airport_service airport_service_2 , city city_2 , airport_service airport_service_3 , city city_3 , flight_fare flight_fare_1 , fare fare_1 , fare_basis fare_basis_1 WHERE flight_1.airline_code = 'AA' AND ( flight_1.from_airport = airport_service_1.airport_code AND airport_service_1.city_code = city_1.city_code AND city_1.city_name = 'PHILADELPHIA' AND ( ( flight_1.to_airport = airport_service_2.airport_code AND airport_service_2.city_code = city_2.city_code AND city_2.city_name = 'DALLAS' AND flight_1.to_airport = airport_service_3.airport_code AND airport_service_3.city_code = city_3.city_code AND city_3.city_name = 'FORT WORTH' ) AND flight_1.flight_id = flight_fare_1.flight_id AND flight_fare_1.fare_id = fare_1.fare_id AND fare_1.fare_basis_code = fare_basis_1.fare_basis_code AND fare_basis_1.class_type = 'FIRST' ) )","show flights first class on american from philadelphia to dallas fort worth SELECT DISTINCT flight_1.flight_id FROM flight flight_1 , airport_service airport_service_1 , city city_1 , airport_service airport_service_2 , city city_2 , airport_service airport_service_3 , city city_3 , flight_fare flight_fare_1 , fare fare_1 , fare_basis fare_basis_1 WHERE flight_1.airline_code = 'AA' AND ( flight_1.from_airport = airport_service_1.airport_code AND airport_service_1.city_code = city_1.city_code AND city_1.city_name = 'PHILADELPHIA' AND ( ( flight_1.to_airport = airport_service_2.airport_code AND airport_service_2.city_code = city_2.city_code AND city_2.city_name = 'DALLAS' AND flight_1.to_airport = airport_service_3.airport_code AND airport_service_3.city_code = city_3.city_code AND city_3.city_name = 'FORT WORTH' ) AND flight_1.flight_id = flight_fare_1.flight_id AND flight_fare_1.fare_id = fare_1.fare_id AND fare_1.fare_basis_code = fare_basis_1.fare_basis_code AND fare_basis_1.class_type = 'FIRST' ) )",10
show me the flights from washington dc to san francisco with a stopover in denver,"SELECT DISTINCT flight_1.flight_id FROM flight flight_1 , airport_service airport_service_1 , city city_1 , airport_service airport_service_2 , city city_2 , flight_stop flight_stop_1 , airport_service airport_service_3 , city city_3 WHERE flight_1.from_airport = airport_service_1.airport_code AND airport_service_1.city_code = city_1.city_code AND city_1.city_name = 'WASHINGTON' AND ( flight_1.to_airport = airport_service_2.airport_code AND airport_service_2.city_code = city_2.city_code AND city_2.city_name = 'SAN FRANCISCO' AND flight_1.flight_id = flight_stop_1.flight_id AND flight_stop_1.stop_airport = airport_service_3.airport_code AND airport_service_3.city_code = city_3.city_code AND city_3.city_name = 'DENVER' )","show me the flights from washington dc to san francisco with a stopover in denver SELECT DISTINCT flight_1.flight_id FROM flight flight_1 , airport_service airport_service_1 , city city_1 , airport_service airport_service_2 , city city_2 , flight_stop flight_stop_1 , airport_service airport_service_3 , city city_3 WHERE flight_1.from_airport = airport_service_1.airport_code AND airport_service_1.city_code = city_1.city_code AND city_1.city_name = 'WASHINGTON' AND ( flight_1.to_airport = airport_service_2.airport_code AND airport_service_2.city_code = city_2.city_code AND city_2.city_name = 'SAN FRANCISCO' AND flight_1.flight_id = flight_stop_1.flight_id AND flight_stop_1.stop_airport = airport_service_3.airport_code AND airport_service_3.city_code = city_3.city_code AND city_3.city_name = 'DENVER' )",11
what are the coach fares for flights from charlotte to newark tuesday afternoon,"SELECT DISTINCT fare_1.fare_id FROM fare fare_1 , fare_basis fare_basis_1 , fare_basis fare_basis_2 , days days_1 , date_day date_day_1 , flight_fare flight_fare_1 , flight flight_1 , airport_service airport_service_1 , city city_1 , airport_service airport_service_2 , city city_2 , days days_2 , date_day date_day_2 WHERE fare_1.fare_basis_code = fare_basis_1.fare_basis_code AND fare_basis_1.class_type = 'COACH' AND ( fare_1.fare_basis_code = fare_basis_2.fare_basis_code AND fare_basis_2.basis_days = days_1.days_code AND days_1.day_name = date_day_1.day_name AND date_day_1.year = 1991 AND date_day_1.month_number = 3 AND date_day_1.day_number = 22 AND fare_1.fare_id = flight_fare_1.fare_id AND flight_fare_1.flight_id = flight_1.flight_id AND flight_1.departure_time BETWEEN 1200 AND 1800 AND ( flight_1.from_airport = airport_service_1.airport_code AND airport_service_1.city_code = city_1.city_code AND city_1.city_name = 'CHARLOTTE' AND ( flight_1.to_airport = airport_service_2.airport_code AND airport_service_2.city_code = city_2.city_code AND city_2.city_name = 'NEWARK' AND flight_1.flight_days = days_2.days_code AND days_2.day_name = date_day_2.day_name AND date_day_2.year = 1991 AND date_day_2.month_number = 3 AND date_day_2.day_number = 22 ) ) )","what are the coach fares for flights from charlotte to newark tuesday afternoon SELECT DISTINCT fare_1.fare_id FROM fare fare_1 , fare_basis fare_basis_1 , fare_basis fare_basis_2 , days days_1 , date_day date_day_1 , flight_fare flight_fare_1 , flight flight_1 , airport_service airport_service_1 , city city_1 , airport_service airport_service_2 , city city_2 , days days_2 , date_day date_day_2 WHERE fare_1.fare_basis_code = fare_basis_1.fare_basis_code AND fare_basis_1.class_type = 'COACH' AND ( fare_1.fare_basis_code = fare_basis_2.fare_basis_code AND fare_basis_2.basis_days = days_1.days_code AND days_1.day_name = date_day_1.day_name AND date_day_1.year = 1991 AND date_day_1.month_number = 3 AND date_day_1.day_number = 22 AND fare_1.fare_id = flight_fare_1.fare_id AND flight_fare_1.flight_id = flight_1.flight_id AND flight_1.departure_time BETWEEN 1200 AND 1800 AND ( flight_1.from_airport = airport_service_1.airport_code AND airport_service_1.city_code = city_1.city_code AND city_1.city_name = 'CHARLOTTE' AND ( flight_1.to_airport = airport_service_2.airport_code AND airport_service_2.city_code = city_2.city_code AND city_2.city_name = 'NEWARK' AND flight_1.flight_days = days_2.days_code AND days_2.day_name = date_day_2.day_name AND date_day_2.year = 1991 AND date_day_2.month_number = 3 AND date_day_2.day_number = 22 ) ) )",12
what is the code for business class,"SELECT DISTINCT fare_1.fare_basis_code FROM fare fare_1 , fare_basis fare_basis_1 WHERE fare_1.fare_basis_code = fare_basis_1.fare_basis_code AND fare_basis_1.class_type = 'BUSINESS'","what is the code for business class SELECT DISTINCT fare_1.fare_basis_code FROM fare fare_1 , fare_basis fare_basis_1 WHERE fare_1.fare_basis_code = fare_basis_1.fare_basis_code AND fare_basis_1.class_type = 'BUSINESS'",13
what does co mean,SELECT DISTINCT airline_1.airline_code FROM airline airline_1 WHERE airline_1.airline_code = 'CO',what does co mean SELECT DISTINCT airline_1.airline_code FROM airline airline_1 WHERE airline_1.airline_code = 'CO',14
show me fares from miami to new york,"SELECT DISTINCT fare_1.fare_id FROM fare fare_1 , flight_fare flight_fare_1 , flight flight_1 , airport_service airport_service_1 , city city_1 , airport_service airport_service_2 , city city_2 WHERE fare_1.fare_id = flight_fare_1.fare_id AND flight_fare_1.flight_id = flight_1.flight_id AND flight_1.from_airport = airport_service_1.airport_code AND airport_service_1.city_code = city_1.city_code AND city_1.city_name = 'MIAMI' AND flight_1.to_airport = airport_service_2.airport_code AND airport_service_2.city_code = city_2.city_code AND city_2.city_name = 'NEW YORK'","show me fares from miami to new york SELECT DISTINCT fare_1.fare_id FROM fare fare_1 , flight_fare flight_fare_1 , flight flight_1 , airport_service airport_service_1 , city city_1 , airport_service airport_service_2 , city city_2 WHERE fare_1.fare_id = flight_fare_1.fare_id AND flight_fare_1.flight_id = flight_1.flight_id AND flight_1.from_airport = airport_service_1.airport_code AND airport_service_1.city_code = city_1.city_code AND city_1.city_name = 'MIAMI' AND flight_1.to_airport = airport_service_2.airport_code AND airport_service_2.city_code = city_2.city_code AND city_2.city_name = 'NEW YORK'",15
